{
  "img0001": {
    "img_url": "https://img.alicdn.com/imgextra/i3/2263306098/O1CN01hX2RYQ1uuw7XpaLvF_!!0-item_pic.jpg",
    "img_path": "img/603255003289/img1/img0001.jpg"
  },
  "img0002": {
    "img_url": "https://img.alicdn.com/imgextra/i3/2263306098/O1CN014IU7RE1uuw4BSpPdT_!!2263306098.jpg",
    "img_path": "img/603255003289/img1/img0002.jpg"
  },
  "img0003": {
    "img_url": "https://img.alicdn.com/imgextra/i1/2263306098/O1CN01R1rDSm1uuw44KxVbC_!!2263306098.jpg",
    "img_path": "img/603255003289/img1/img0003.jpg"
  },
  "img0004": {
    "img_url": "https://img.alicdn.com/imgextra/i3/2263306098/O1CN015mpyam1uuvzIWQr1L_!!2263306098.jpg",
    "img_path": "img/603255003289/img1/img0004.jpg"
  },
  "img0005": {
    "img_url": "https://img.alicdn.com/imgextra/i3/2263306098/O1CN01wGuqcB1uuw45rXRhA_!!2263306098.png",
    "img_path": "img/603255003289/img1/img0005.png"
  }
}